{"cameraMode":{"drawMode":0,"name":"Shaded","section":"Shading Mode"},"sceneLighting":false,"audioPlay":false,"sceneViewState":{"showFog":true,"showMaterialUpdate":false,"showSkybox":false,"showFlares":true,"showImageEffects":true,"showParticleSystems":true},"in2DMode":false,"pivot":{"x":0.21435169875621797,"y":0.70488440990448,"z":2.7734670639038088},"rotation":{"x":-0.32575204968452456,"y":-0.003689788281917572,"z":0.0012713087489828468,"w":-0.9454472064971924},"size":8.183978080749512,"orthographic":false}